{
    "Notepad": 4.179999999999955,
    "chrome": 40.50000000000051
}